{
    "erigon/2022.04.2/linux-amd64/go1.17.9": {
        "Txs in last block": 0.49567484855651855,
        "Tx traces in last block": 17.427865505218506,
        "Txs in last year block": 8.797645568847656e-05,
        "Tx traces in last year block": 4.0531158447265625e-06,
        "Erc20 transfers in last \n500 blocks - 90089 events": 30.088024139404297,
        "Traces for Gnosis Safe v1.1.1 \nlast 200 blocks (30 minutes)\n232 traces": 48.89810514450073,
        "Traces for Gnosis Safe v1.1.1 \nfirst 100,000 blocks (17 days)\n5 traces": 9.026341676712036,
        "Traces for Gnosis Safe v1.1.1 \nfirst 250,000 blocks (1.5 months)\n278 traces": 262.0666241645813
    },
    "OpenEthereum//v3.3.5-stable/x86_64-linux-musl/rustc1.59.0": {
        "Txs in last block": 0.6957125663757324,
        "Tx traces in last block": 0.5004377365112305,
        "Txs in last year block": 1.2159347534179688e-05,
        "Tx traces in last year block": 2.86102294921875e-06,
        "Erc20 transfers in last \n500 blocks - 90089 events": 27.706791400909424,
        "Traces for Gnosis Safe v1.1.1 \nlast 200 blocks (30 minutes)\n232 traces": 4.240478515625,
        "Traces for Gnosis Safe v1.1.1 \nfirst 100,000 blocks (17 days)\n5 traces": 31.041090965270996,
        "Traces for Gnosis Safe v1.1.1 \nfirst 250,000 blocks (1.5 months)\n278 traces": 54.87711977958679
    }
}
