{
    "OpenEthereum//v3.3.5-stable/x86_64-linux-musl/rustc1.59.0": {
        "Txs in last block": 1.207658052444458,
        "Tx traces in last block": 0.8657128810882568,
        "Txs in last year block": 0.643927812576294,
        "Tx traces in last year block": 0.2868661880493164,
        "Erc20 transfers in last \n500 blocks - 110631 events": 39.63134002685547,
        "Traces for Gnosis Safe v1.1.1 \nlast 200 blocks (30 minutes)\n304 traces": 4.5586676597595215,
        "Traces for Gnosis Safe v1.1.1 \nfirst 100,000 blocks (17 days)\n5 traces": 12.930533647537231,
        "Traces for Gnosis Safe v1.1.1 \nfirst 200,000 blocks (1 month)\n24 traces": 19.742262840270996
    },
    "erigon/2022.04.2/linux-amd64/go1.17.9": {
        "Txs in last block": 1.110015630722046,
        "Tx traces in last block": 52.69083619117737,
        "Txs in last year block": 0.3974575996398926,
        "Tx traces in last year block": 13.8366539478302,
        "Erc20 transfers in last \n500 blocks - 110631 events": 39.15741968154907,
        "Traces for Gnosis Safe v1.1.1 \nlast 200 blocks (30 minutes)\n304 traces": 30.214590072631836,
        "Traces for Gnosis Safe v1.1.1 \nfirst 100,000 blocks (17 days)\n5 traces": 8.200499296188354,
        "Traces for Gnosis Safe v1.1.1 \nfirst 200,000 blocks (1 month)\n24 traces": 6.602309942245483
    }
}